term,definition,source
AAEXA,Assurance accident des exploitants agricoles,Sénat
AAH,Allocation pour l'Adulte atteint de Handicap,beta.gouv.fr
AAH,Allocation aux adultes handicapés,Sénat
AAI,Autorité Administrative Indépendante,beta.gouv.fr
AAI,Autorités administratives indépendantes,Sénat
AAPC,Avis d'Appel Public à la Concurrence,beta.gouv.fr
ACAATA,Allocation de cessation anticipée d'activité des travailleurs de l'amiante,Sénat
ACBUS,Accord de bon usage des soins,Sénat
ACCA,Associations communales de chasse agréées,Sénat
ACCRE,Aide aux chômeurs créateurs ou repreneurs d'entreprise,Sénat
ACOFA,Agence centrale des organismes d'intervention dans le secteur agricole,Sénat
ACOSS,Agence Centrale des Organismes de Sécurité Sociale,beta.gouv.fr
ACOSS,Agence centrale des organismes de sécurité sociale,Sénat
ACP (pays),"Pays d'Afrique, des Caraïbes et du Pacifique",Sénat
ACSE,Agence nationale pour la cohésion sociale et l'égalité des chances,Sénat
ACTA,Association de coordination technique agricole,Sénat
ACTES,Aide au contrôle de la légalité dématérialisée,Sénat
ACTIA,Association de coordination technique des industries agricoles et alimentaires,Sénat
ACTIM,"Agence pour la coopération technique, industrielle et économique",Sénat
ACTP,Allocation compensatrice pour tierce personne,Sénat
ACUCES,Association du centre universitaire de coopération économique et sociale,Sénat
ADAR,Agence de développement agricole et rural,Sénat
ADASEA,Associations départementales pour l'aménagement des structures des exploitations agricoles,Sénat
ADEME,Agence de l'Environnement et de la Maîtrise de l'Energie,beta.gouv.fr
ADEME,Agence de l'environnement et de la maîtrise de l'énergie,Sénat
ADEP,Agence nationale pour le développement de l'éducation permanente,Sénat
ADETEF,Association pour le développement des échanges en technologie économique et financière,Sénat
ADF,Assemblée des départements de France,Sénat
ADI,Agence pour le développement de l'informatique,Sénat
ADIL,Association départementale d'information sur le logement,Sénat
ADP,Aéroport de Paris,Sénat
ADPF,Association pour la diffusion de la pensée française,Sénat
ADRAF,Agence de développement rural et d'aménagement foncier,Sénat
ADSL,Asynchronous digital suscriber line (ligne numérique à paires asymétriques),Sénat
AE,Autorisation d'Engagement,beta.gouv.fr
AEEH,Allocation d'éducation de l'enfant handicapé,Sénat
AEFE,Agence pour l'enseignement français à l'étranger,Sénat
AELE,Association européenne de libre échange,Sénat
AER,"Agence d'évaluation de la recherche
Allocation équivalent retraite",Sénat
AERAS,S'assurer et emprunter avec un risque aggravé de santé,Sénat
AES,Allocation d'éducation spéciale,Sénat
AFA,Association foncière agricole,Sénat
AFA,Agence française de l'adoption,Sénat
AFAA,Association française d'action artistique,Sénat
AFAFAF,Associations Foncières d’Aménagement Foncier Agricole et Forestier,beta.gouv.fr
AFAT,Association française d'action touristique,Sénat
AFD,Agence française de développement,Sénat
AFE,Assemblée des Français de l'étranger,Sénat
AFEI,Association française pour l'étiquetage d'information,Sénat
AFERNOD,Association française pour l'étude et la recherche des nodules polymétalliques,Sénat
AFF,Allocation de fin de formation,Sénat
AFICAR,Agence française d'information et de communication agricole et rurale,Sénat
AFIT,Agence française d'ingénierie touristique,Sénat
AFITF,Agence de financement des infrastructures de transport de France,Sénat
AFLD,Agence française de lutte contre le dopage,Sénat
AFME,Agence française pour la maîtrise de l'énergie,Sénat
AFNOR,Association française de normalisation,Sénat
AFP,Agence France-Presse,Sénat
AFPA,Association nationale pour la formation professionnelle des adultes,Sénat
AFSSA,Agence française de sécurité sanitaire des aliments,Sénat
AFSSAPS,Agence française de sécurité sanitaire des produits de santé,Sénat
AFSSE,Agence française de sécurité sanitaire environnementale,Sénat
AFSSET,Agence française de sécurité sanitaire de l'environnement et du travail,Sénat
AFUTT,Association des utilisateurs des télécommunications,Sénat
AGD,"Administrateur Général des Données
Équipe de datascientists de la DINUM qui travaille avec les données (ouvertes ou fermées) de l'administration.",beta.gouv.fr
AGEAM,Association pour la gérance d'écoles d'apprentissage maritime,Sénat
AGEFAL,Association de gestion du fonds des formations en alternance,Sénat
agefiph,Association de gestion du fonds pour l'insertion des personnes handicapées,beta.gouv.fr
AGEFIPH,Association de gestion du fonds pour l'insertion professionnelle des personnes handicapées,Sénat
AGGIR,(Grille) autonomie gérontologie groupe iso-ressources,Sénat
AGIRA,Association pour la gestion des informations relatives aux risques en assurance,Sénat
AGIRC,Association générale des institutions de retraites des cadres,Sénat
AGS,Association pour la gestion du régime des garanties des créances des salariés,Sénat
AGV,api.gouv.fr,beta.gouv.fr
AID,Agence internationale de développement,Sénat
AIEA,Agence internationale de l'énergie atomique,Sénat
AIFE,Agence pour l'Informatique Financière de l'Etat,beta.gouv.fr
AII,Agence de l'innovation industrielle,Sénat
AIS,Adaptation et intégration scolaire,Sénat
AITF,Association des Ingénieurs Territoriaux de France,beta.gouv.fr
AIVS,Agence immobilière à vocation sociale,Sénat
ALS,Allocation d'enseignement et de recherche,Sénat
AME,Aide médicale de l'Etat,Sénat
AMEXA,"Assurance maladie, invalidité et maternité des exploitants agricoles",Sénat
AMF,Association des Maires de France,beta.gouv.fr
AMF,"Accords multifibres
Autorité des marchés financiers",Sénat
AMF,Association des maires de France,Sénat
AMG,Assistance médicale gratuite,Sénat
AMI,Accord multilatéral sur l’investissement,Sénat
AMM,Autorisation de mise sur le marché,Sénat
AMOA,Assistance à la maîtrise d’ouvrage (cf. http://bit.ly/amoa1234),beta.gouv.fr
AMP,Assistance médicale à la procréation,Sénat
ANACT,Agence nationale pour l'amélioration des conditions de travail,Sénat
ANAEM,Agence nationale d'accueil des étrangers et des migrations,Sénat
ANAES,Agence nationale d'accréditation et d'évaluation en santé,Sénat
ANAH,Agence NAtionale de l'Habitat,beta.gouv.fr
ANAH,Agence nationale pour l'amélioration de l'habitat,Sénat
ANCE,Agence nationale pour la création d'entreprises,Sénat
ANCSEC,Agence nationale pour la cohésion sociale et l'égalité des chances,Sénat
ANDA,Association nationale pour le développement agricole,Sénat
ANDDOM,Association nationale pour le développement des départements d'outre-mer,Sénat
ANDEM,Agence nationale pour le développement de l'évaluation médicale,Sénat
ANDRA,Agence nationale pour la gestion des déchets radioactifs,Sénat
ANEFE,Association nationale des écoles françaises de l'étranger,Sénat
ANI,Accord national interprofessionnel,Sénat
ANIFOM,Agence nationale pour l'indemnisation des Français d'outre-mer,Sénat
ANIL,Association nationale d'information logement,Sénat
ANIT,Agence nationale de l'information touristique,Sénat
ANN,Agence Nationale du Numérique,beta.gouv.fr
ANPE,Agence nationale pour l'emploi,Sénat
ANR,Agence nationale de la recherche,Sénat
ANRED,Agence nationale pour la récupération et l'élimination des déchets,Sénat
ANRU,Agence nationale pour la rénovation urbaine,Sénat
ANSA,Agence Nouvelle des Solidarités Actives,beta.gouv.fr
ANSA,Agence nouvelle des solidarités actives,Sénat
ANT,Agence nationale pour l'insertion et la promotion des travailleurs d'outre-mer,Sénat
ANTS,Agence Nationale des Titres Sécurisés,beta.gouv.fr
ANVAR,Agence nationale de valorisation de la recherche,Sénat
AOC,Appellation d'origine contrôlée,Sénat
AP,Assistance publique,Sénat
APA,Allocation personnalisée d'autonomie,Sénat
APB,Admission Post Bac,beta.gouv.fr
APCM,Assemblée permanente des chambres de métiers,Sénat
APD,Aide publique au développement,Sénat
APE,Agences Pôle Emploi,beta.gouv.fr
APE,Allocation parentale d'éducation,Sénat
APEC,Association Pour l'Emploi des Cadres,beta.gouv.fr
APEC,"Association pour l'emploi des cadres, ingénieurs et techniciens",Sénat
APEGH,"Agence de la procréation, de l'embryologie et de la génétique humaines",Sénat
API,Allocation de parent isolé,Sénat
APIDPM,Autorités publiques indépendantes dotées de la personnalité morale,Sénat
APIE,Agence du Patrimoine Immatériel de l’État,beta.gouv.fr
APL,Aide personnalisée au logement,Sénat
APPA,Association pour la prévention de la pollution atmosphérique,Sénat
APPI,"Application des Peines Probation Insertion
(logiciel informatique - France)",beta.gouv.fr
APRODI,Association pour la promotion et le développement industriel,Sénat
APTRP,Association professionnelle des transporteurs routiers de la région parisienne,Sénat
APUR,Atelier parisien d'urbanisme,Sénat
ARCEP,Autorité de régulation des communications électroniques et des postes,Sénat
ARF,Association des régions de France,Sénat
ARH,Agence régionale d'hospitalisation,Sénat
ARIAD,Association pour la recherche et l'information sur l'aide au développement,Sénat
ARIM,Association de restauration immobilière,Sénat
ARIST,Agence régionale d'information scientifique et technique,Sénat
ARRCO,Association des régimes de retraite complémentaire,Sénat
ARS,Allocation de rentrée scolaire,Sénat
ART,Autorité de régulation des télécommunications,Sénat
ARTT,Aménagement et réduction du temps de travail,Sénat
ARVEJ,Aménagement du rythme de vie de l'enfant et du jeune,Sénat
ASA,Associations Syndicales Autorisées,beta.gouv.fr
ASA,Aide supplémentaire d'attente,Sénat
ASE,Agence spatiale européenne,Sénat
ASE,Aide sociale à l'enfance,Sénat
ASEAN,"Association of the South-East Asian Nations
Association des nations de l'Asie du Sud-Est",Sénat
ASGF,Association syndicale de gestion forestière,Sénat
ASGUAL,Association Guyane Alzheimer,Sénat
ASPA,Allocation de solidarité aux personnes âgées,Sénat
ASS,Allocation de solidarité spécifique,Sénat
ASSEDIC,Association pour l'emploi dans l'industrie et le commerce,Sénat
ATAC,Association technique pour l'action culturelle,Sénat
ATC,Assistants techniques au commerce,Sénat
ATIC,Association technique de l'importation charbonnière,Sénat
ATOS,"Personnel administratif, technicien, ouvrier et de service",Sénat
AUDIST,Agence universitaire de documentation et d'information scientifique et technique,Sénat
AUT,Autorisation d'usage à des fins thérapeutiques,Sénat
AVS,Auxiliaires de vie scolaire,Sénat
AVTS,Allocation aux vieux travailleurs salariés,Sénat
BAIP,Bureau d'Aide à l'Insertion Professionnelle,beta.gouv.fr
BAL,Base Adresse Locale,beta.gouv.fr
BALF,"Boîte aux Lettres Fonctionnelle
Une adresse mail partagée entre plusieurs personnes, par opposition à une boîte aux lettres nominative.",beta.gouv.fr
BANA,Budget annexe de la navigation aérienne,Sénat
BAPSA,Budget annexe des prestations sociales agricoles,Sénat
BCA,Bureau central d'alerte,Sénat
BCC,Banque centrale de compensation,Sénat
BCEAO,Banque centrale des États de l'Afrique de l'Ouest,Sénat
BCRD,Budget civil de recherche et de développement technologique,Sénat
BDPA,Bureau pour le développement de la production agricole,Sénat
BDUF,Big Design Up Front,beta.gouv.fr
BEAC,Banque des États de l'Afrique centrale,Sénat
BEI,Banque européenne d'investissement,Sénat
BEP,Brevet d'études professionnelles,Sénat
BEPA,Brevet d'études professionnelles agricoles,Sénat
BER,Bassin d'emploi à redynamiser,Sénat
BERD,Banque européenne pour la reconstruction et le développement des pays de l'Est,Sénat
BFCE,Banque française du commerce extérieur,Sénat
bgv,beta.gouv.fr,beta.gouv.fr
BIC,Bénéfices industriels et commerciaux,Sénat
BID,Banque Interaméricaine de Développement,beta.gouv.fr
BIJ,Bureaux d’information jeunesse,beta.gouv.fr
BIPA,Banque d'information politique et d'actualité,Sénat
BIPE,Bureau d'information et de prévisions économiques,Sénat
BIT,Bureau international du travail,Sénat
BNM,Bureau national de métrologie,Sénat
BOAMP,Bulletin Officiel des Annonces de Marchés Publics,beta.gouv.fr
BOP,Budget opérationnel de programme,Sénat
BPA,Brevet professionnel agricole,Sénat
BPI,Bibliothèque publique d'information (Centre Pompidou),Sénat
BPM,Brigade de protection des mineurs,Sénat
BPS,Banque de programmes et de services (télévision),Sénat
BRGM,Bureau de recherches géologiques et minières,Sénat
BSA,Bons de souscription d'actions,Sénat
BTAN,Bon du Trésor à taux annuel normalisé,Sénat
BTF,Bons à taux fixe,Sénat
BTP,Bâtiment et travaux publics,Sénat
BTS,Brevet de technicien supérieur,Sénat
BUMIDOM,Bureau des migrations pour les départements d'outre-mer,Sénat
CA,Contrat d'avenir,Sénat
CAARUD,Centre d'accueil et d'accompagnement à la réduction des risques pour les usagers de drogues,Sénat
cab,"CABinet
Groupe de conseillers d'un ministre, nommés par ce ministre.",beta.gouv.fr
CACOM,Caisse de consolidation et de mobilisation des crédits à moyen terme,Sénat
CACT,Commission d'amélioration des conditions de travail,Sénat
CAD,Contrat d'agriculture durable,Sénat
CADA,Commission d'Accès aux Documents Administratifs,beta.gouv.fr
CADA,Commission d'accès aux documents administratifs,Sénat
CADA,Centre d'accueil des demandeurs d'asile,Sénat
CADES,Caisse d'amortissement de la dette sociale,Sénat
CADIST,Centre d'acquisition et de diffusion de l'information scientifique et technique,Sénat
CAE,Contrat d'accompagnement dans l'emploi,Sénat
CAECL,Caisse d'aide à l'équipement des collectivités locales,Sénat
CALO,Commission d'attribution des logements,Sénat
CANAM,Caisse nationale d'assurance maladie des professions indépendantes,Sénat
CANCAVA,Caisse autonome nationale de compensation de l'assurance vieillesse des artisans,Sénat
CAO,Commission Appel d'Offres (marchés publics),beta.gouv.fr
CAP,Certificat d'aptitude professionnelle,Sénat
CAPA,Caisse d'amortissement pour l'acier,Sénat
CAPEPS,Certificat d'aptitude au professorat d'éducation physique et sportive,Sénat
CAPES,Certificat d'aptitude pédagogique à l'enseignement secondaire,Sénat
CAPET,Certificat d'aptitude au professorat d'enseignement technique,Sénat
CAR,Contrat d'animation rurale,Sénat
CAR,Comité de l'administration régionale,Sénat
CARPA,Caisse autonome des règlements pécuniaires des avocats,Sénat
CASODOM,Comité d'action sociale en faveur des originaires des départements d'outre-mer en métropole,Sénat
CAT,Centre d'aide par le travail,Sénat
CAUE,"Conseil d'architecture, d'urbanisme et de l'environnement",Sénat
CBCM,Contrôleur Budgétaire et Comptable Ministériel,beta.gouv.fr
CCAMIP,"Commission de contrôle des assurances, des mutuelles et des institutions de prévoyance",Sénat
CCAS,Centre communal d'action sociale,Sénat
CCEC,Commission consultative d'évaluation des charges,Sénat
CCED,Commission de conciliation et d'expertise douanière,Sénat
CCI,"Centre de création industrielle (Centre Pompidou)
Chambres de commerce et d'industrie",Sénat
CCIG,Comité de Coordination de l'Information Géographique,beta.gouv.fr
CCNE,Comité consultatif national d'éthique,Sénat
CCRAD,Comité consultatif pour la répression des abus de droit,Sénat
CCREFP,Comité de coordination régionale de l'emploi et de la formation professionnelle,Sénat
CDAC,Commission départementale d'aménagement commercial,Sénat
CDC,Caisse des dépôts et consignations,Sénat
CDCA,Comité de défense des commerçants et artisans,Sénat
CDEC,Commission départementale d'équipement commercial,Sénat
CDET,Chargés de Développement de l’Emploi et des Territoires,beta.gouv.fr
CdF,Charbonnages de France,Sénat
CDG,Centre de gestion,Sénat
CDI,Centre de documentation et d'information,Sénat
CDN,Content Delivery Network,beta.gouv.fr
CDR,Conseil d'orientation des retraites,Sénat
CEA,Commissariat à l'énergie atomique,Sénat
CEC,Contrat emplois consolidés,Sénat
CECA,Communauté européenne du charbon et de l'acier,Sénat
CECOS,Centres d'études et de conservation du sperme,Sénat
CEDH,"Cour européenne des droits de l’homme
Convention européenne de sauvegarde des droits de l’homme et des libertés",beta.gouv.fr
CEE,Communauté économique européenne,Sénat
CEEA,Communauté européenne de l'énergie atomique (Euratom),Sénat
CEFAC,Centre de formation des assistants techniques du commerce et des consultants,Sénat
CEMAGREF,"Centre national du machinisme agricole, du génie rural et des eaux et forêts",Sénat
CENCEP,Centre national des caisses d'épargne et de prévoyance,Sénat
CENECA,Centre national des expositions et concours agricoles,Sénat
CEO,Centre d'études d'opinion,Sénat
CEP,Conseil en évolution professionnelle,beta.gouv.fr
CEP,Centre d'expérimentation nucléaire du Pacifique,Sénat
CEPAM,Centre d'études et de perfectionnement de l'artisanat et des métiers,Sénat
CEPII,Centre d'études prospectives et d'informations internationales,Sénat
CEPME,Crédit d'équipement aux petites et moyennes entreprises,Sénat
CEPS,Comité économique des produits de santé,Sénat
CER,Centres éducatifs renforcés,Sénat
CERAH,Centre d'étude et de recherche sur l'appareillage des handicapés,Sénat
CERBE,Centre de recherche sur le bien-être,Sénat
CERN,Centre européen de recherches nucléaires,Sénat
CES,"Collège d'enseignement secondaire
Contrat emploi-solidarité",Sénat
CESEDA,Code de l'entrée et du séjour des étrangers et du droit d'asile,Sénat
CESP,Centre d'étude des supports de publicité,Sénat
CESR,Conseils économiques et sociaux régionaux,Sénat
CESTA,Centre d'études des systèmes et des technologies avancées,Sénat
CESU,Chèque emploi service universel,Sénat
CET,Compte épargne temps,Sénat
CET,Collège d'enseignement technique,Sénat
CETPE,Chèque emploi pour les très petites entreprises,Sénat
CFA,Centre de formation d'apprentis,Sénat
CFCE,Centre français du commerce extérieur,Sénat
CFDT,Confédération française démocratique du travail,Sénat
CFE,Cotisation foncière des entreprises,beta.gouv.fr
CFE-CGC,Confédération française de l'encadrement - Confédération générale des cadres,Sénat
CFL,Comité des finances locales,Sénat
CFP,Compagnie française des pétroles,Sénat
CFPC,Centre de formation des personnels communaux,Sénat
CFTC,Confédération française des travailleurs chrétiens,Sénat
CGCT,Compagnie générale de construction téléphonique,Sénat
CGE,Compagnie générale d'électricité,Sénat
CGET,Commissariat général à l'égalité des territoires,beta.gouv.fr
CGI,Code général des impôts,Sénat
CGLLS,Caisse de garantie du logement locatif social,Sénat
CGLS,Caisse de garantie du logement social,Sénat
CGPM,Commission générale des pêches pour la Méditerranée,Sénat
CGPME,Confédération générale des petites et moyennes entreprises,Sénat
CGT,Confédération générale du travail,Sénat
CGT-FO,Confédération générale du travail-Force ouvrière,Sénat
CGTI,Conseil général des technologies de l'information,Sénat
CHEAR,Centre des hautes études de l'armement,Sénat
CHR,Centre hospitalier régional,Sénat
CHRS,Centre d'hébergement et de réinsertion sociale,Sénat
CHSCT,"Comité d'hygiène, de sécurité et des conditions de travail",Sénat
CHU,Centre hospitalier universitaire,Sénat
CI-RMA,Contrat insertion - Revenu minimum d'activité,Sénat
CIADT,Comité interministériel d'aménagement et de développement du territoire,Sénat
CIAS,Centre intercommunal d'action sociale,Sénat
CIAT,Comité interministériel pour l'aménagement du territoire,Sénat
CIBC,Centres interministériels de bilans de compétences,Sénat
CICID,Comité interministériel de la coopération internationale et du développement,Sénat
CICR,Comité international de la Croix-Rouge,Sénat
CIDAR,Comité interministériel de développement et d'aménagement rural,Sénat
CIDISE,Comité interministériel pour le développement des investissements et le soutien de l'emploi,Sénat
CIE,Contrat initiative emploi,Sénat
CIEC,Commission internationale de l'état-civil,Sénat
CIF,Congé individuel de formation,beta.gouv.fr
CIF,Coefficient d'intégration fiscale,Sénat
CIFIA,Comité interministériel de financement des industries agro-alimentaires,Sénat
CIFRE,Convention industrielle de formation par la recherche,Sénat
CII,Compagnie internationale pour l'informatique,Sénat
CIJ,Cour internationale de justice,Sénat
CIL,Comités interprofessionnels du logement,Sénat
CIO,Centres d'information et d'orientation,beta.gouv.fr
CIO,Comité international olympique,Sénat
CIP,Conseiller en insertion professionnelle,beta.gouv.fr
CIPE,Comité interministériel pour la promotion de l'emploi,Sénat
CIPR,Commission internationale pour la protection du Rhin,Sénat
CIRA,Centre interministériel de renseignements administratifs,Sénat
CIRAD,Centre de coopération internationale en recherche agronomique pour le développement,Sénat
CIRCOSC,Centre interrégional de coordination des opérations de sécurité civile,Sénat
CIRDI,Centre international pour le règlement des différends relatifs aux investissements,Sénat
CIRI,Comité interministériel de restructuration industrielle,Sénat
CIRIT,Comité interprofessionnel de rénovation de l'industrie textile,Sénat
CITP,Comité interministériel de la transformation publique,beta.gouv.fr
CIV,Comité interministériel des villes,Sénat
CIVIS,Contrat d'insertion dans la vie sociale,Sénat
CJCE,Cour de justice des Communautés européennes,Sénat
CLCV,"Consommation, logement et cadre de vie",Sénat
CLES,Contrats locaux éducatifs et sociaux,Sénat
CLI,Commission locale d'information,Sénat
CLIC,"Centres locaux d'information, de liaison et de coordination",Sénat
CLIPA,Classe d'initiation préprofessionnelle en alternance,Sénat
CLS,Contrats locaux de sécurité,Sénat
CMDE,Chargés de Mission Développement Économique,beta.gouv.fr
CMN,Centre des monuments nationaux,Sénat
CMU,Couverture maladie universelle,Sénat
CMUC,Couverture maladie universelle complémentaire,Sénat
CNAC Georges-Pompidou,Centre national d'art et de culture Georges-Pompidou,Sénat
CNADT,Conseil national de l'aménagement et du développement du territoire,Sénat
CNAF,Caisse nationale d'allocations familiales,Sénat
CNAJEP,Comité national pour les relations nationales et internationales des associations de jeunesse et d'éducation populaire,Sénat
CNAM,Conservatoire national des arts et métiers,Sénat
CNAMTS,Caisse nationale d'assurance maladie des travailleurs salariés,Sénat
CNAP,"Conseil national d'accession à la propriété
Centre national d'arts plastiques",Sénat
CNAPS,Conseil national des activités physiques et sportives,Sénat
CNASEA,Centre national pour l'aménagement des structures des exploitations agricoles,Sénat
CNAV,Caisse nationale d'assurance vieillesse,beta.gouv.fr
CNAVPL,Caisse nationale d'assurance vieillesse des professions libérales,Sénat
CNAVTS,Caisse nationale d'assurance vieillesse des travailleurs salariés,Sénat
CNBF,Caisse nationale des barreaux français,Sénat
CNC,Centre national de la cinématographie,Sénat
CNCA,Caisse nationale de crédit agricole,Sénat
CNCCG,Centre national de coordination des centres de gestion,Sénat
CNCDH,Ccommission nationale consultative des droits de l’homme,beta.gouv.fr
CNCIS,Commission nationale des contrôles d'interception de sécurité,Sénat
CNCPH,Conseil national consultatif des personnes handicapées,Sénat
CNDP,Centre national de documentation pédagogique,Sénat
CNDS,Centre national de développement du sport,Sénat
CNE,"Contrat nouvelle embauche
Conseil national de l'emploi",Sénat
CNEC,Commission nationale d'équipement commercial,Sénat
CNED,Centre national d'enseignement à distance,Sénat
CNEE,Conseil National Éducation Économie,beta.gouv.fr
CNEJ,Centre national d'études judiciaires,Sénat
CNES,Centre national d'études spatiales,Sénat
CNESER,Conseil national de l'enseignement supérieur et de la recherche,Sénat
CNESSS,Centre national d'études supérieures de sécurité sociale,Sénat
CNET,Centre national d'études des télécommunications,Sénat
CNEXO,Centre national pour l'exploitation des océans,Sénat
CNFPT,Centre national de la fonction publique territoriale,Sénat
CNIH,Comité national interprofessionnel de l'horticulture,Sénat
CNIJ,Centre national d'informatique juridique,Sénat
CNIL,Commission nationale de l'informatique et des libertés,Sénat
CNIPE,Centre national d'information pour la productivité des entreprises,Sénat
CNME,Caisse nationale des marchés de l'État,Sénat
CNNC,Commission nationale de la négociation collective,Sénat
CNOSF,Comité national olympique du sport français,Sénat
CNOUS,"Centre national des œuvres universitaires et scolaires
La version nationale des CROUS, qui gère les bourses, les logements universitaires…",beta.gouv.fr
CNOUS,Centre national des oeuvres universitaires et scolaires,Sénat
CNPF,Conseil national du patronat français (voir MEDEF).,Sénat
CNPPF,Centre national professionnel de la propriété forestière,Sénat
CNR,Compagnie nationale du Rhône,Sénat
CNRACL,Caisse nationale de retraite des agents des collectivités locales,Sénat
CNRS,Centre national de la recherche scientifique,Sénat
CNS,Conférence nationale de santé,Sénat
CNSA,Caisse nationale de solidarité pour l'autonomie,beta.gouv.fr
CNSA,Caisse nationale de solidarité pour l'autonomie,Sénat
CNTA,Comptoir national technique agricole,Sénat
CNUCED,Conférence des Nations unies pour le commerce et le développement,Sénat
CNV,Conseil national des villes,Sénat
CNVA,Conseil national de la vie associative,Sénat
CNVJ,"Centre national de la chanson, des variétés et du jazz",Sénat
COB,Commission des opérations de bourse,Sénat
CODAC,Commission départementale d'accès à la citoyenneté,Sénat
CODEFI,Comité départemental d'examen des problèmes de financement des entreprises,Sénat
CODER,Commission de développement économique régional,Sénat
CODERPA,Comité départemental des retraités et personnes âgées,Sénat
CODEVI,Comptes pour le développement industriel,Sénat
CODEX,Commission de développement extérieur,Sénat
CODIR,COmité de DIRection,beta.gouv.fr
CODIS,"Comité d'orientation pour le développement des industries stratégiques
Centre opérationnel d'intervention et de secours",Sénat
CODISC,Centre opérationnel de la direction de la défense et de la Sécurité civile,Sénat
COFACE,Compagnie française d'assurance pour le commerce extérieur,Sénat
COGEMA,Compagnie générale des matières nucléaires,Sénat
colter,collectivité(s) territoriale(s),beta.gouv.fr
COMES,Commissariat à l'énergie solaire,Sénat
COMEX,COMité EXécutif,beta.gouv.fr
COMT,Commission des marchés à terme de marchandises,Sénat
COPEC,Commission pour la promotion et l'égalité des chances et de la citoyenneté,Sénat
COPIL,"COmité de PILotage
Réunion des personnes impliquées dans la direction d'un projet.",beta.gouv.fr
COR,Conseil d'orientation des retraites,Sénat
CORDES,Comité d'organisation des recherches appliquées sur le développement économique et social,Sénat
CORDET,Commission de coordination de la recherche des départements et territoires d'outre-mer,Sénat
COREC,Comité régional d'examen des comptes des organismes de sécurité sociale,Sénat
COREF,"Comités régionaux de la formation professionnelle, de la promotion sociale et de l'emploi",Sénat
COREPS,Commission régionale des professions du spectacle,Sénat
CORRI,Comité régional de restructuration industrielle,Sénat
COS,Coefficient d'occupation des sols,Sénat
COSA,Commission pour les simplifications administratives,Sénat
COSAC,Conférence des organes spécialisés des assemblées de la communauté,Sénat
COSIP,Compte de soutien aux industries de programme,Sénat
COSIS,Compte de soutien à l'industrie des programmes audiovisuels,Sénat
COTOREP,Commission technique d'orientation et de reclassement professionnel,Sénat
COUNA,Courriers non adressés,Sénat
COV,Certificats d'obtentions végétales,Sénat
CP,Crédits de Paiement,beta.gouv.fr
CPA,1. Compte personnel d’activité ; 2. Cessation progressive d’activité,beta.gouv.fr
CPAG,Centres de préparation à l'administration générale,Sénat
CPE,Contrat première embauche,Sénat
CPF,Compte personnel de formation,beta.gouv.fr
CPI,Centres de placement immédiat,Sénat
CPIE,Centre permanent d'initiation à l'environnement,Sénat
CPP,Code de procédure pénale,Sénat
CRA,Centre de rétention administrative,Sénat
CRAH,Compte-Rendu d'Activité Hebdomadaire,beta.gouv.fr
CRAMIF,Caisse régionale d'assurance maladie d’Île de France,beta.gouv.fr
CRDS,Contribution au remboursement de la dette sociale,Sénat
CRE,Commission de régulation de l'électricité,Sénat
CREDOC,Centre de recherches pour l'étude et l'observation des conditions de vie,Sénat
CREPS,Centre régional d'éducation physique et sportive,Sénat
CRIDEL,Centre de rencontres et d'initiatives pour le développement local,Sénat
CRIGE,Centre Régional de l’Information Géographique,beta.gouv.fr
CRIJ,Centre régional information jeunesse,beta.gouv.fr
CRITT,Centre régional d'innovation et de transfert technologique,Sénat
CROAT,Centre régional d'observation de l'activité touristique,Sénat
CROSS,Centre régional opérationnel de surveillance et de sauvetage,Sénat
CROUS,Centre régional des oeuvres universitaires et scolaires,Sénat
CRP,"Anciennement Commissaires au Redressement Productif, commissaires aux restructurations et à la préventions des difficultés des entreprise",beta.gouv.fr
CRPA,Code des Relations entre le Public et l’Administration,beta.gouv.fr
CRPF,Centre régional de la propriété forestière,Sénat
CRR,Commission de recours des réfugiés,Sénat
CRS,Compagnies républicaines de sécurité,Sénat
CRTL,Comité régional du tourisme et des loisirs,Sénat
CSA,Conseil supérieur de l'audiovisuel,Sénat
CSAPA,"Centres de soin, d'accompagnement et de prévention en addictologie",Sénat
CSAU,Certificat de sociabilité et d'aptitude à l'utilisation,Sénat
CSCE,Conférence pour la sécurité et la coopération en Europe,Sénat
CSERC,"Conseil supérieur de l'emploi, des revenus et des coûts",Sénat
CSFE,Conseil supérieur des Français de l'étranger,Sénat
CSFPT,Conseil supérieur de la fonction publique territoriale,Sénat
CSG,Contribution sociale généralisée,Sénat
CSM,Conseil Supérieur de la Magistrature,beta.gouv.fr
CSMF,Confédération des syndicats médicaux français,Sénat
CSN,Coopérant du service national,Sénat
CSNE,Coopérant du service national en entreprise,Sénat
CSPE,Contribution au service public de l'électricité,Sénat
CSPF,Centre de Services Partagés Financiers de la DSAF,beta.gouv.fr
CSSS,Contribution sociale de solidarité des sociétés,Sénat
CSST,Centre spécialisé de soins aux toxicomanes,Sénat
CSTB,Centre scientifique et technique du bâtiment,Sénat
CTBA,Centre technique du bois et de l'ameublement,Sénat
CTE,Contrats territoriaux d'exploitation,Sénat
CTIFL,Centre technique interprofessionnel des fruits et légumes,Sénat
CTIR,Centres de traitement informatique régionaux,Sénat
CTP,Contrat de transition professionnelle,Sénat
CTRC,Centre technique régional de la consommation,Sénat
CUCES,Centre universitaire de coopération économique et sociale,Sénat
CUCS,Contrats urbains de cohésion sociale,Sénat
CUIO,Centres universitaires d'information et d'orientation,beta.gouv.fr
CUMA,Coopérative d’Utilisation de Matériel Agricole,beta.gouv.fr
CUMA,Coopérative d'utilisation de matériel agricole,Sénat
CVR,Combattant volontaire de la Résistance,Sénat
DAC,"Directeur d'Administration Centrale
Personne ayant délégation de signature pouvant engager l'État. Moins de 200 en France.",beta.gouv.fr
DAGIC,"Direction des affaires générales, internationales et de la coopération",Sénat
DAJ,Direction des Affaires Juridiques,beta.gouv.fr
DALO,Droit opposable au logement,Sénat
DAP,Département Architecture et Projets (service de la DINSIC),beta.gouv.fr
DAP,Délégation aux arts plastiques,Sénat
DARES,"Direction de l'animation de la recherche, des études et des statistiques",Sénat
DATAR,Délégation à l'aménagement du territoire et à l'action régionale,Sénat
DcANT,Développement concerté de l'administration numérique territoriale,beta.gouv.fr
DCRF,Direction de la consommation et de la répression des fraudes,Sénat
DCRI,Direction de la coopération et des relations internationales,Sénat
DCTP,Dotation de compensation de la taxe professionnelle,Sénat
DDAF,Direction départementale de l'agriculture et de la forêt,Sénat
DDASS,Direction départementale des affaires sanitaires et sociales,Sénat
DDCS,Direction Départementale de la Cohésion Sociale,beta.gouv.fr
DDE,Direction départementale de l'équipement,Sénat
DDEC,Dotation départementale d'équipement des collèges,Sénat
DDEN,Délégué départemental de l'éducation nationale,Sénat
DDR,Dotation de développement rural,Sénat
DE,Demanderesse ou demandeur d’emploi ; sans emploi​,beta.gouv.fr
DEFI,Développement-Exportation-Formation-Image,Sénat
DELD,Demandeur d’emploi longue durée,beta.gouv.fr
DEPE,Délégués des entreprises pour l'emploi,Sénat
DEUG,Diplôme d'études universitaires générales,Sénat
DFM,Dotation de fonctionnement minimal,Sénat
DGA,Direction Générale de l'Armement,beta.gouv.fr
DGA,Délégation générale pour l'armement,Sénat
DGALN,"Direction Générale de l’Aménagement, du Logement et de la Nature",beta.gouv.fr
DGCCRF,"Direction générale de la concurrence, de la consommation et de la répression des fraudes",Sénat
DGCID,Direction générale de la coopération internationale et du développement,Sénat
DGCL,Direction Générale des Collectivités Locales,beta.gouv.fr
DGCL,Direction générale des collectivités locales,Sénat
DGCS,Direction générale de la cohésion sociale,beta.gouv.fr
DGD,Dotation générale de décentralisation,Sénat
DGE,Direction générale des entreprises,beta.gouv.fr
DGE,Dotation globale d'équipement,Sénat
DGEC,Dotation globale d'équipement des communes,Sénat
DGEFP,Délégation Générale à l’Emploi et à la Formation Professionnelle,beta.gouv.fr
DGF,Dotation globale de fonctionnement,Sénat
DGFIP,Direction Générale des Finances publiques,beta.gouv.fr
DGITM,"Direction Générale des Infrastructure, des Transports et de la Mer",beta.gouv.fr
DGRCST,"Direction générale des relations culturelles, scientifiques et techniques",Sénat
DGRST,Délégation générale à la recherche scientifique et technique,Sénat
DGS,Directeur Général des Services,beta.gouv.fr
DGSE,Direction générale de la sécurité extérieure,Sénat
DGT,Direction générale des télécommunications,Sénat
DGV,Data.gouv.fr,beta.gouv.fr
DHUP,"Direction de l’Habitat, de l’Urbanisme et des Paysages",beta.gouv.fr
DIA,Déclaration d'intention d'aliéner,Sénat
DIAT,"Direction Interministérielle d'Appui à la Transformation
Une des deux divisions du SGMAP depuis septembre 2015.",beta.gouv.fr
DIC,Droit à l'image collective,Sénat
DICCILEC,Direction centrale du contrôle de l'immigration et de lutte contre l'emploi des clandestins (voir PAF),Sénat
DICP,"Disponibilité, Intégrité, Confidentialité, Preuve",beta.gouv.fr
DIES,"Délégation interministérielle à l'innovation, à l'expérimentation sociale et à l'économie sociale",Sénat
DIF,Droit individuel à la formation,beta.gouv.fr
DIF,Droit individuel à la formation,Sénat
DIHP,Délégation de l'information historique pour la paix,Sénat
DIJA,Dotation d'installation aux jeunes agriculteurs,Sénat
DINSIC,"Direction Interministérielle du Numérique et des Systèmes d'Information et de Communication
Ancien nom de la DINUM",beta.gouv.fr
DIR,Direction interdépartementale des routes,Sénat
dircab,DIRecteur de CABinet,beta.gouv.fr
DIRECCTE,"Direction régionale des entreprises, de la concurrence, de la consommation, du travail et de l’emploi",beta.gouv.fr
DISP,Direction interrégionale des services pénitentiaires,beta.gouv.fr
DITP,Direction Interministérielle de la Transformation Publique,beta.gouv.fr
DIV,Délégation interministérielle à la ville,Sénat
DJA,Dotation aux jeunes agriculteurs (voir DIJA).,Sénat
DJEPVA,"Direction de la Jeunesse, de l’Éducation Populaire et de la Vie Associative",beta.gouv.fr
DLNUF,Dites-le-nous une fois,beta.gouv.fr
DM,Direct message ou message privé,beta.gouv.fr
DMF,Direction des musées de France,Sénat
DMP,Dossier médical personnel,Sénat
DNN,Distributeurs non nationalisés,Sénat
DNO,Directive nationale d'orientation,Sénat
DNP,Dotation nationale de péréquation,Sénat
DoD,Definition of Done,beta.gouv.fr
DOM,Département d'outre-mer,Sénat
DOT,Défense opérationnelle du territoire,Sénat
DPE,Diagnostic de performance énergétique,Sénat
DPI,Diagnostic préimplantatoire,Sénat
DPU,Droit de préemption urbain,Sénat
DPU,Droits à paiement unique,Sénat
DRAAF,"Direction Régionale de l'Alimentation, de l'Agriculture et de la Forêt",beta.gouv.fr
DRAC,Directions régionales des affaires culturelles,Sénat
DRCE,Direction régionale du commerce extérieur,Sénat
DREE,Direction des relations économiques extérieures,Sénat
DREES,"Direction de la Recherche, des Études, de l’Évaluation et des Statistiques",beta.gouv.fr
DRES,Dotation régionale d'équipement scolaire,Sénat
DRIRE,"Direction régionale de l'industrie, de la recherche et de l'environnement",Sénat
DSAF,Direction des Services Administratifs et Financiers,beta.gouv.fr
DSI,Dotation spéciale pour le logement des instituteurs,Sénat
DSIN,Direction de la sûreté des installations nucléaires,Sénat
DSN,Déclaration Sociale Nominative,beta.gouv.fr
DSR,Dotation de solidarité rurale,Sénat
DSS,Direction de la sécurité sociale,beta.gouv.fr
DST,Direction de la surveillance du territoire,Sénat
DSU,Dotation de solidarité urbaine,Sénat
DSUCS,Dotation de solidarité urbaine et de cohésion sociale,Sénat
EARL,Exploitation agricole à responsabilité limitée,Sénat
ECU,"European currency unit
Unité de compte européenne",Sénat
EDEN,Encouragement au développement d'entreprises nouvelles,Sénat
EDF,Électricité de France,Sénat
EDL,Éléments de langage,beta.gouv.fr
EHPAD,Etablissement hébergeant des personnes âgées dépendantes,Sénat
EID,Entente interdépartementale pour la démoustication du littoral méditerranéen,Sénat
EIG,Entrepreneur d'Intérêt Général,beta.gouv.fr
ELD,Éléments de Langage et de Discours,beta.gouv.fr
EMS,Équipe médico-sociale,beta.gouv.fr
ENA,École nationale d’administration,beta.gouv.fr
ENA,École nationale d'administration,Sénat
ENIM,Établissement national des invalides de la marine,Sénat
ENM,École nationale de la magistrature,Sénat
ENS,École normale supérieure,Sénat
EPA,Établissements publics à caractère administratif,Sénat
EPAD,Établissement public pour l'aménagement de la Défense,Sénat
EPARECA,Établissement public d’aménagement et de reconstruction des espaces commerciaux et artisanaux,Sénat
EPCA,Etablissement Public à Caractère Administratif,beta.gouv.fr
EPCC,Etablissement public de coopération culturelle,Sénat
EPCI,Etablissement public de coopération intercommunale,Sénat
EPFL,Etablissement public foncier local,Sénat
EPIC,Établissements publics industriels et commerciaux,Sénat
EPIDe,Etablissement public d'insertion de la Défense,Sénat
EPLE,Etablissements publics locaux d'enseignement,Sénat
EPMOTC,Etablissement public chargé de la maîtrise d’ouvrage de travaux culturels,Sénat
EPORA,Etablissement public foncier de l'Ouest Rhône-Alpes,Sénat
EPR,Réacteur européen à eau pressurisée,Sénat
EPS,Éducation physique et sportive,Sénat
EPSCP,"Etablissement public à caractère scientifique, culturel et professionnel",Sénat
EPST,Etablissement public à caractère scientifique et technique,Sénat
EPTB,Etablissement public territorial de bassin,Sénat
ERAP,Entreprise de recherche et d'activités pétrolières,Sénat
ERP,Enterprise Resource Planning (progiciel de gestion intégré),beta.gouv.fr
ESB,Encéphalopathie spongiforme bovine,Sénat
ESS,Économie sociale et solidaire,beta.gouv.fr
ETP,Équivalent Temps Plein,beta.gouv.fr
ETPT,Equivalents temps plein travaillés,Sénat
ETTI,Entreprises de travail temporaire d'insertion,Sénat
EUMESTAT,"European Meteorology Satellite
Organisation européenne pour l'exploitation de satellites météorologiques",Sénat
EUREKA,"European research coordination agency
Agence de coordination pour la recherche européenne",Sénat
EURL,Entreprise unipersonnelle à responsabilité limitée,Sénat
EUTELSAT,"European telecommunications satellite organisation
Organisation européenne de télécommunications par satellite",Sénat
EVS,Emploi de vie scolaire,Sénat
EVS,Emploi de vie scolaire,Sénat
FAAS,Fonds additionnel d'action sociale,Sénat
FACE,Fonds d'amortissement des charges d'électrification,Sénat
FACT,Fonds d'amélioration des conditions de travail,Sénat
FADIL,Fonds d'aide au développement de l'intérieur et des îles,Sénat
FAED,Fichier automatisé des empreintes digitales,Sénat
FAI,"Fonds d'aide à l'investissement
Fonds d'aide à l'innovation",Sénat
FAO,"Food and agriculture organisation
Organisation des Nations unies pour l'alimentation et l'agriculture",Sénat
FAQSV,Fonds d'aide à la qualité des soins de ville,Sénat
FAR,Force d'action rapide,Sénat
FARI,Fonds d'aide à la recherche et à l'innovation,Sénat
FARIF,Fonds d’aménagement de la région Ile-de-France,Sénat
FARIT,Fonds d'aide à la recherche et à l'innovation dans les transports,Sénat
FARU,Fonds d'aide au relogement d'urgence,Sénat
FAS,Fonds d'action sociale pour les travailleurs immigrés et leurs familles,Sénat
FASASA,Fonds d'action sociale pour l'aménagement des structures agricoles,Sénat
FASILD,Fonds d'action et de soutien pour l'intégration et la lutte contre les discriminations,Sénat
FASS,Fonds d'action sanitaire et sociale,Sénat
FATAC,Force aérienne tactique,Sénat
FAU,Fonds d'aménagement urbain,Sénat
FBCF,Formation brute de capital fixe,Sénat
FCA,France Connect Agent,beta.gouv.fr
FCAATA,Fonds de cessation anticipée d'activité des travailleurs de l'amiante,Sénat
FCPE,Fonds communs de placement d'entreprise,Sénat
FCPI,Fonds communs de placement dans l'innovation,Sénat
FCPP,Fonds communs de placement de proximité,Sénat
FCTVA,Fonds de compensation pour la TVA,Sénat
FDCR,Fonds de correction des déséquilibres régionaux,Sénat
FDES,Fonds de développement économique et social,Sénat
FDIT,Fonds pour le développement de l'intermodalité dans les transports,Sénat
FDPTP,Fonds départemental de péréquation de la taxe professionnelle,Sénat
FEC,Fonds d'égalisation des charges,Sénat
FECL,Fonds d'équipement des collectivités locales,Sénat
FED,Fonds européen de développement,Sénat
FEDER,Fonds européen de développement régional,Sénat
FEDOM,Fonds pour l'emploi dans les départements d'outre-mer,Sénat
FEOGA,Fonds européen d'orientation et de garantie agricole,Sénat
FFIPSA,Fonds de financement des prestations sociales des non-salariés agricoles,Sénat
FGAO,Fonds de garantie des assurances obligatoires de dommage,Sénat
FGAS,Fonds de garantie de l'accession sociale,Sénat
FGMN,Fonds de gestion des milieux naturels,Sénat
FIAC,Foire internationale d'art contemporain,Sénat
FIAM,Fonds d'intervention pour l'auto-développement en montagne,Sénat
FIANE,Fonds d'intervention et d'action pour la nature et l'environnement,Sénat
FIAT,Fonds d'intervention pour l'aménagement du territoire,Sénat
FIATA,Fonds d'intervention pour les aéroports et le transport aérien,Sénat
FIC,Fonds d'intervention culturelle,Sénat
FICA,Fondation à l'initiative créatrice artisanale,Sénat
FIDA,Fonds international pour le développement avicole,Sénat
FIDAR,Fonds interministériel de développement et d'aménagement rural,Sénat
FIDES,Fonds d'investissement pour le développement économique et social,Sénat
FIDIL,Fonds pour l'intervention et le développement des initiatives locales,Sénat
FIDOM,Fonds d'investissement des départements d'outre-mer,Sénat
FIM,Fonds industriel de modernisation,Sénat
FIMHO,Fonds d'investissement pour la modernisation des hôpitaux,Sénat
FING,Fondation Internet Nouvelle Génération,beta.gouv.fr
FINUL,Force intérimaire des Nations unies au Liban,Sénat
FIOM,Fonds d'intervention et d'organisation des marchés des produits de la pêche maritime et de la conchyliculture,Sénat
FIP,Fonds d'investissement de proximité,Sénat
FIPD,Fonds interministériel de prévention de la délinquance,Sénat
FIPE,Fonds d'investissement pour la petite enfance,Sénat
FIPH-FP,Fonds d'insertion des personnes handicapées dans la fonction publique,Sénat
FIPOL,Fonds international d'indemnisation pour les dommages dus à la pollution par les hydrocarbures,Sénat
FIQCS,Fonds d'intervention pour la qualité et la coordination des soins,Sénat
FIQV,Fonds interministériel pour la qualité de la vie,Sénat
FIR,Fonds d'investissement routier,Sénat
FIRS,Fonds d'intervention et de régularisation des marchés du sucre,Sénat
FISAC,Fonds d'intervention pour la sauvegarde de l'artisanat et du commerce,Sénat
FITH,Fonds d'indemnisation des transfusés et hémophiles,Sénat
FITTVN,Fonds national d'investissement des transports terrestres et des voies navigables,Sénat
FIV,Fonds d'intervention pour la ville,Sénat
FIVA,Fonds d'indemnisation des victimes de l'amiante,Sénat
FLNC,Front de libération nationale de la Corse,Sénat
FLNKS,Front de libération nationale kanak socialiste,Sénat
FMDI,Fonds de mobilisation départementale pour l'insertion,Sénat
FMESPP,Fonds pour la modernisation des établissements de santé publics et privés,Sénat
FMF,Fédération des médecins de France,Sénat
FMI,Fonds monétaire international,Sénat
FMO,Force multinationale et d'observateurs,Sénat
FNAC,"Fédération nationale d'achat des cadres
Fonds national d'art contemporain",Sénat
FNACA,Fédération nationale des anciens combattants en Algérie,Sénat
FNADT,Fonds National d’Aménagement et de Développement du Territoire,beta.gouv.fr
FNAFU,Fonds national d'aménagement foncier et d'urbanisme,Sénat
FNAH,Fonds national d'amélioration de l'habitat,Sénat
FNAL,Fonds national d'aide au logement,Sénat
FNAT,Fonds national d'aménagement du territoire,Sénat
FNC,Fédération nationale des chasseurs,Sénat
FNCCR,Fédération nationale des collectivités concédantes et des régies,Sénat
FNDA,Fonds national de développement agricole,Sénat
FNDA (ou FNDVA),Fonds national pour le développement de la vie associative,Sénat
FNDAE,Fonds national pour le développement des adductions d'eau,Sénat
FNDAT,Fonds national de développement et d'aménagement du territoire,Sénat
FNDS,Fonds national pour le développement du sport,Sénat
FNE,Fonds national de l'emploi,Sénat
FNGCA,Fonds de garantie des calamités agricoles,Sénat
FNI,Forces nucléaires intermédiaires,Sénat
FNLC,Front national de libération de la Corse,Sénat
FNP,Fonds national de péréquation,Sénat
FNS,Fonds national de solidarité,Sénat
FNSE,Fonds national de solidarité pour l'eau,Sénat
FNSEA,Fédération nationale des syndicats d'exploitants agricoles,Sénat
FNSP,Fondation nationale des sciences politiques,Sénat
FNUAP,Fonds des Nations unies pour les activités en matière de population,Sénat
FNULAD,Fonds des Nations unies pour la lutte antidrogue,Sénat
FONJEP,Fonds de coopération de la jeunesse et de l'éducation populaire,Sénat
FONPEL,Fonds de pension des élus locaux,Sénat
FOPIM,Fonds de promotion de l'information médicale et médico-économique,Sénat
FOREC,Fonds de financement de la réforme des cotisations patronales de sécurité sociale,Sénat
FORMA,Fonds d'orientation et de régularisation des marchés agricoles,Sénat
FOST,Force océanique stratégique,Sénat
FPA,Formation professionnelle des adultes,Sénat
FPTA,Fonds de péréquation des transports aériens,Sénat
FR2,France 2,Sénat
FR3,France 3,Sénat
FRAC,Fonds régionaux d'art contemporain,Sénat
FRAFU,Fonds régional d'aménagement foncier et urbain,Sénat
FRDE,Fonds régionaux pour le développement et l'emploi,Sénat
FRILE,Fonds régional d'aide aux initiatives locales pour l'emploi,Sénat
FRR,Fonds de réserve pour les retraites,Sénat
FRU,Fonds pour le renouvellement urbain,Sénat
FSAI,Fonds spécial d'adaptation industrielle,Sénat
FSE,Fonds social européen,Sénat
FSGT,Fonds spécial de grands travaux,Sénat
FSIR,Fonds spécial d'intervention routière,Sénat
FSL,Fonds de Solidarité pour le Logement,beta.gouv.fr
FSL,Fonds de solidarité pour le logement,Sénat
FSP,Fonds de solidarité prioritaire,Sénat
FSRIF,Fonds de solidarité des communes de la région Ile-de-France,Sénat
FSV,Fonds de solidarité vieillesse,Sénat
FSV,Fonds social vieillesse,Sénat
FTAP,Fonds de transformation de l’action publique,beta.gouv.fr
FUP,Fonds unique de péréquation des fonds de la formation professionnelle continue,Sénat
GAEC,Groupement agricole d'exploitation en commun,Sénat
GAFAM,Google Apple Facebook Amazon Microsoft,beta.gouv.fr
GAFI,Groupe d'action financière internationale,Sénat
GANIL,Grand accélérateur national d'ions lourds,Sénat
GAPP,Groupe d'aide psychopédagogique,Sénat
GATT,"General agreement on tariffs and trade
Accord général sur les tarifs douaniers et le commerce",Sénat
GDF,Gaz de France,Sénat
GECT,Groupement européen de coopération territoriale,Sénat
GEIE,Groupement européen d'intérêt économique,Sénat
GEIP,Groupe européen indépendant de programmes,Sénat
GEIQ,Groupement d'employeurs pour l'insertion et la qualification,Sénat
GELD,Groupe d'études et de lutte contre les discriminations,Sénat
GEPI,Groupe d'études prospectives internationales,Sénat
GERDAT,Groupe d'études et de recherches pour le développement de l'agronomie tropicale,Sénat
GFA,Groupement foncier agricole,Sénat
GIAT,Groupement des industries d'armement terrestre,Sénat
GIDEL,Groupe interministériel sur le développement économique local,Sénat
GIE,Groupement d'Intérêt Économique,beta.gouv.fr
GIE,Groupement d'intérêt économique,Sénat
GIEC,Groupe intergouvernemental sur l'évolution du climat,Sénat
GIP,Groupement d'Intérêt Public,beta.gouv.fr
GIP,Groupement d'intérêt public (recherche et développement technologique),Sénat
GIR,Groupe d'intervention régional,Sénat
GIRZOM,Groupe interministériel pour la restructuration des zones minières,Sénat
GIS,Groupement d'intérêt scientifique,Sénat
GMEM,Groupe maritime d'économie mixte,Sénat
GMR,Gestion Maîtrise des Risques (sous service de la DINUM),beta.gouv.fr
GMR,Garantie mensuelle de rémunération,Sénat
GMSIH,Groupement pour la modernisation du système d'information hospitalier,Sénat
GPU,Géoportail de l'Urbanisme,beta.gouv.fr
GPU,Grands projets urbains,Sénat
GPV,Grands projets de ville,Sénat
GREF,Génie rural des eaux et forêts,Sénat
GREP,Groupements régionaux d'épargne et de prévoyance,Sénat
GRH,Gestion des Ressources Humaines,beta.gouv.fr
GRSP,Groupement régional de santé publique,Sénat
GSPC,Groupe salafiste pour la prédication et le combat,Sénat
GT,Groupe de travail,beta.gouv.fr
HALDE,Haute autorité de lutte contre les discriminations et pour l'égalité,Sénat
HAS,Haute autorité de santé,Sénat
HBM,Habitations bon marché,Sénat
HCCI,Haut conseil de la coopération internationale,Sénat
HCR,Haut Commissariat des Nations Unies pour les réfugiés,Sénat
HCSP,Haut comité de la santé publique devenu Haut conseil de la santé,Sénat
HLM,Habitations à loyer modéré,Sénat
HQE,Haute qualité environnementale,Sénat
IAD,Indemnité annuelle de départ,Sénat
IATA,"International air transport association
Association internationale des transports aériens",Sénat
IATOS,"(Personnel) Ingénieur, administratif, technicien, ouvrier et de service",Sénat
IATP,Imposition additionnelle à la taxe professionnelle,Sénat
IAURIF,Institut d'aménagement et d'urbanisme de la région Ile-de-France,Sénat
ICC,Institut du commerce et de la consommation,Sénat
ICHN,Indemnités compensatrices de handicaps naturels,Sénat
ICPE,Installations Classées pour la Protection de l'Environnement,beta.gouv.fr
IDES,Institut de développement économique et social,Sénat
IDG,Infrastructure de Données Géographiques,beta.gouv.fr
IDHEC,Institut des hautes études cinématographiques,Sénat
IDI,Institut de développement industriel,Sénat
IDIA,Institut de développement des industries agricoles et alimentaires,Sénat
IDICA,Institut de développement industriel des composants automobiles,Sénat
IDS,Initiative de défense stratégique,Sénat
IEDOM,Institut d'émission des départements d'outre-mer,Sénat
IEG,Industries électriques et gazières,Sénat
IEP,Institut d'études politiques,Sénat
IFAC,Inspection fusionnée d'assiette et de contrôle,Sénat
IFEN,Institut français de l'environnement,Sénat
IFOP,Instrument financier de l'orientation de la pêche,Sénat
IFP,Institut français du pétrole,Sénat
IFREMER,Institut français de recherche pour l'exploitation de la mer,Sénat
IGA,Inspection générale de l'administration,Sénat
IGAS,Inspection Générale des Affaires Sociales,beta.gouv.fr
IGAS,Inspection générale des affaires sociales,Sénat
IGF,Inspection générale des finances,Sénat
IGN,Institut géographique national,Sénat
IGP,Indications géographiques protégées,Sénat
IGREF,"Ingénieurs du génie rural, des eaux et forêts",Sénat
IHEDAT,Institut des hautes études pour l'aménagement du territoire,Sénat
IHEDN,Institut des hautes études de la défense nationale,Sénat
IHESI,Institut des hautes études de sécurité intérieure,Sénat
IJ,Information jeunesse,beta.gouv.fr
ILM,Immeuble à loyer moyen,Sénat
ILN,Immeuble à loyer normal,Sénat
IMEC,Instruction mixte à l'échelon central,Sénat
IMPACT,Innover et moderniser les processus MDPH pour l’accès à la compensation sur les territoires,beta.gouv.fr
INA,Institut national de l'audiovisuel,Sénat
INALCO,Institut national des langues et civilisations orientales,Sénat
INAO,Institut national de l'origine et de la qualité,Sénat
INAVEM,Institut nationale d'aide aux victimes et de médiation,Sénat
INC,Institut national de la consommation,Sénat
INCa,Institut national du cancer,Sénat
INED,Institut national d'études démographiques,Sénat
INEP,Institut national d'éducation populaire,Sénat
INERIS,Institut National de l’Environnement Industriel et des Risques,beta.gouv.fr
INERIS,Institut national de l'environnement industriel et des risques,Sénat
INES,Identité nationale électronique sécurisée,Sénat
INI,Institution nationale des Invalides,Sénat
INJEP,Institut de la jeunesse et de l'éducation populaire,Sénat
INMARSAT,"International maritime satellite organisation
Organisation internationale de télécommunications maritimes par satellites",Sénat
INPES,Institut national de prévention et d'éducation pour la santé,Sénat
INPI,Institut national de la propriété industrielle,Sénat
INPNPP ou IN2P3,Institut national de physique nucléaire et de physique des particules,Sénat
INRA,Institut national de la recherche agronomique,Sénat
INRAP,Institut national de recherches archéologiques préventives,Sénat
INRETS,Institut national de recherche sur les transports et leur sécurité,Sénat
INRIA,Institut national de la recherche en informatique et en automatique,Sénat
INRP,Institut national de la recherche pédagogique,Sénat
INRS,Institut national de recherche et de sécurité pour la prévention des accidents du travail et des maladies professionnelles,Sénat
INSA,Institut national des sciences appliquées,Sénat
INSEE,Institut national de la statistique et des études économiques,Sénat
INSEP,Institut national du sport et de l'éducation physique,Sénat
INSERM,Institut national de la santé et de la recherche médicale,Sénat
INTELSAT,"International telecommunications satellite consortium
Organisation internationale de télécommunications par satellite",Sénat
InVS,Institut de Veille Sanitaire,beta.gouv.fr
InVS,Institut national de veille sanitaire,Sénat
IPSN,Institut de protection et de sûreté nucléaire,Sénat
IRA,Instituts régionaux d'administration,Sénat
IRCAM,Institut de recherche et de coordination acoustique-musique,Sénat
IRCANTEC,Institut de retraite complémentaire des agents non titulaires de l'Etat et des collectivités locales,Sénat
IRCHA,Institut national de recherche chimique appliquée,Sénat
IRD,Institut de recherche pour le développement,beta.gouv.fr
IRDES,Institut de recherche et de documentation en économie de la santé,Sénat
IRES,Institut de recherche économique et sociale,Sénat
IRMES,Institut de recherche médicale et d'épidémiologie du sport,Sénat
IRPP,Impôt sur le revenu des personnes physiques,Sénat
IRSID,Institut de recherche de la sidérurgie,Sénat
IRSN,Institut de radioprotection et de sûreté nucléaire,Sénat
IRVE,Infrastructures de Recharge pour Véhicules Électriques,beta.gouv.fr
ISF,Impôt de solidarité sur la fortune,Sénat
ISM,Institut Supérieur des Métiers,beta.gouv.fr
ISM,Indemnité spéciale de montagne,Sénat
ISTPM,Institut scientifique et technique des pêches maritimes,Sénat
ITA,"Ingénieurs, techniciens, administratifs",Sénat
ITEF,"Ingénieurs techniciens d'études et de fabrications
Ingénieurs des travaux des eaux et forêts",Sénat
IUFM,Institut universitaire de formation des maîtres,Sénat
IUT,Institut universitaire de technologie,Sénat
IVD,Indemnité viagère de départ,Sénat
IVG,Interruption volontaire de grossesse,Sénat
JAM,Juges des affaires matrimoniales,Sénat
JAP,Juges de l'application des peines,Sénat
JAPD,Journées d'appel de préparation à la défense,Sénat
JEI,Jeunes entreprises innovantes,Sénat
JEU,Jeunes entreprises universitaires,Sénat
JO,Journal officiel,Sénat
KYC,Know Your Customer,beta.gouv.fr
LBU,Ligne budgétaire unique (DOM),Sénat
LEP,Lycées d'enseignement professionnel,Sénat
LGR,"Licence Gratuite de Repartage.
Ancienne licence de la BAN dont l'homologation a expiré le 5 mai 2018.",beta.gouv.fr
LGTM,Looks Good To Me / Let Get This Merged,beta.gouv.fr
LICRA,Ligue internationale contre le racisme et l'antisémitisme,Sénat
LKS,Mouvement de libération kanak,Sénat
LNE,Laboratoire national d'essais,Sénat
LOLF,Loi organique relative aux lois de finances,Sénat
LOPSI,Loi d'orientation et de programmation pour la sécurité intérieure,Sénat
LOTI,Loi d'orientation des transports intérieurs,Sénat
LSF,Langue des signes française,Sénat
LSI,Loi pour la sécurité intérieure,Sénat
LTS,Logement très social,Sénat
MAA,Ministère de l'Agriculture et de l'Alimentation,beta.gouv.fr
MAAF,"Ministère de l’Agriculture, de l’Agroalimentaire et de la Forêt",beta.gouv.fr
MAEDI,Ministère des Affaires étrangères et du Développement International,beta.gouv.fr
MAPA,Marché à Procédure Adaptée,beta.gouv.fr
MARISAT,"Maritime satellite organisation
Système de télécommunications maritimes par satellites",Sénat
MARNU,Modalités d'application du règlement national d'urbanisme,Sénat
MAS,Maison d'accueil spécialisée,Sénat
MATIF,Marché à terme d'instruments financiers,Sénat
MCM,Montants compensatoires monétaires,Sénat
MDPH,Maison Départementale pour les Personnes Handicapées,beta.gouv.fr
MDPH,Maison départementale des personnes handicapées,Sénat
MECSS,Mission d'évaluation et de contrôle de la sécurité sociale,Sénat
MEDD,Ministère de l’Ecologie et du Développement Durable,beta.gouv.fr
MEDEF,Mouvement des entreprises de France (ex CNPF),Sénat
MEEM,"Ministère de l’Environnement, de l’Énergie et de la Mer",beta.gouv.fr
MENESR,"Ministère de l'Éducation Nationale, de l'Enseignement Supérieur et de la Recherche",beta.gouv.fr
MFR,Maisons familiales rurales,Sénat
MIDEM,"Marché international du disque, de l'édition musicale et de la vidéo-musique",Sénat
MIDIST,Mission interministérielle de l'information scientifique et technique,Sénat
MIES,Mission interministérielle de l'effet de serre,Sénat
MIGAC,Missions d'intérêt général et d'aide à la contractualisation,Sénat
MILDT,Mission interministérielle de lutte contre la drogue et la toxicomanie,Sénat
MIN,Marché d'intérêt national (Rungis),Sénat
MINEFI,"Ministère de l'économie, des finances et de l'industrie",Sénat
MIPNES,Mission de la pédagogie et du numérique pour l'enseignement supérieur,beta.gouv.fr
MIRES,"Mission interministérielle ""recherche et enseignement supérieur""",Sénat
MIVILUDES,Mission interministérielle de vigilance et de lutte contre les dérives sectaires,Sénat
MJC,Maisons des jeunes et de la culture,Sénat
MJD,Maisons de justice et du droit,Sénat
ML,Mission Locale ou Mailing List,beta.gouv.fr
MMG,Maisons médicales de garde,Sénat
MNAM,Musée national d'art moderne (Centre Pompidou),Sénat
MNHN,Muséum national d'histoire naturelle,Sénat
MOA,Maîtrise d'ouvrage,beta.gouv.fr
MOUS,Maîtrise d’oeuvre urbaine et sociale,Sénat
MRS,Mission régionale de santé,Sénat
MSA,Mutualité sociale agricole,beta.gouv.fr
MSA,Mutualité sociale agricole,Sénat
MSAP,Maison de services au public,beta.gouv.fr
MSF,Médecins sans frontières,Sénat
MTES,Ministère de la Transition Écologique et Solidaire,beta.gouv.fr
NBC,"Nuclear, bacteriological and chemical protection
Protection nucléaire, bactériologique, chimique",Sénat
OACI,Organisation de l'aviation civile internationale,Sénat
OAT,Obligations assimilables du Trésor,Sénat
OCBM,Organisation commune du marché de la banane,Sénat
OCCAR,Organisation conjointe de coopération en matière d'armement,Sénat
OCDE,Organisation de coopération et de développement économique,Sénat
OCM-sucre,Organisation communautaire du marché du sucre,Sénat
OCORA,Office de coopération radiophonique,Sénat
ODEADOM,Office de développement de l'économie agricole dans les départements d'outre-mer,Sénat
OECE,Organisation européenne de coopération économique,Sénat
OFAJ,Office franco-allemand pour la jeunesse,Sénat
OFCE,Office français des conjonctures économiques,Sénat
OFIVAL,"Office national interprofessionnel des viandes, de l'élevage et de l'aviculture",Sénat
OFPRA,Office français de protection des réfugiés et apatrides,Sénat
OFQJ,Office franco-québécois pour la jeunesse,Sénat
OGA,Organisation de gestion agréée,Sénat
OGAF,Opération groupée d'aménagement foncier,Sénat
OGM,Organismes génétiquement modifiés,Sénat
OGP,"Open Government Parternship
Association internationale de gouvernements engagés dans l'ouverture des données et de la gouvernance.",beta.gouv.fr
OIT,Organisation internationale du travail,Sénat
OLP,Organisation de libération de la Palestine,Sénat
OMCI,Organisation maritime consultative intergouvernementale,Sénat
OMI,"Organisation maritime internationale.
Office des migrations internationales",Sénat
OMP,Opération de maintien de la paix,Sénat
OMS,Organisation Mondiale de la Santé,beta.gouv.fr
OMS,Organisation mondiale de la santé,Sénat
ONAC,Office national des anciens combattants et victimes de guerre,Sénat
ONCFS,Office national de la chasse et de la faune sauvage,Sénat
ONDAM,Objectif national des dépenses d'assurance maladie,Sénat
ONEMA,Office national de l'eau et des milieux aquatiques,Sénat
ONERA,Office national d'études et de recherches aérospatiales,Sénat
ONERC,Observatoire national sur les effets du réchauffement climatique,Sénat
ONF,Office national des forêts,Sénat
ONG,Organisations non gouvernementales,Sénat
ONI,Office national de l'immigration,Sénat
ONIAM,"Office national d'indemnisation des accidents médicaux, des affections iatrogènes et des infections nosocomiales",Sénat
ONIC,Office national interprofessionnel des céréales,Sénat
ONIFLHOR,"Office national interprofessionnel des fruits, des légumes et de l'horticulture",Sénat
ONILAIT,Office national interprofessionnel du lait et des produits laitiers,Sénat
ONIPPAM,"Office national interprofessionnel des plantes à parfum, aromatiques et médicinales",Sénat
ONISEP,Office national d'information sur les enseignements et les professions,Sénat
ONIVINS,Office national interprofessionnel des vins,Sénat
ONSER,Organisation nationale pour la sécurité routière,Sénat
ONT,Observatoire national du tourisme,Sénat
ONU,Organisation des Nations unies,Sénat
ONUDI,Organisation des Nations unies pour le développement industriel,Sénat
OPA,Offres publiques d'achat,Sénat
OPACIF,Organisme paritaire agréé au titre du congé individuel de formation,beta.gouv.fr
OPAH,Opération programmée d'amélioration de l'habitat,Sénat
OPCA,Organismes collecteurs paritaires agréés,beta.gouv.fr
OPCVM,Organismes de placements collectifs en valeur mobilière,Sénat
OPEP,Organisation des pays exportateurs de pétrole,Sénat
OPEX,Opérations extérieures,Sénat
OPPBTP,Organisme professionnel de prévention du bâtiment et des travaux publics,Sénat
OPRI,Office de protection contre les rayonnements ionisants,Sénat
ORE,Offre raisonnable d'emploi,Sénat
ORGANIC,(Caisse de compensation de l') Organisation autonome nationale d'assurance vieillesse de l'industrie et du commerce,Sénat
ORSEC,Organisation des secours (Plan),Sénat
ORSECRAD,Plan ORSEC radiations,Sénat
ORSECTOX,Plan ORSEC matières toxiques,Sénat
ORSTOM,Office de la recherche scientifique et technique d'outre-mer,Sénat
ORT,Obligations renouvelables du Trésor,Sénat
OSCE,Organisation pour la sécurité et la coopération en Europe,Sénat
OTAN,Organisation du traité de l'Atlantique-Nord,Sénat
OTASE,Organisation du traité de défense collective pour l'Asie du Sud-Est,Sénat
OUA,Organisation de l'unité africaine,Sénat
PAC,Politique agricole commune,Sénat
PACS,Pacte civil de solidarité,Sénat
PACT-ARIM,Propagande et action contre le taudis. Associations de restauration immobilière,Sénat
PADD,Projet d'aménagement et de développement durable,Sénat
PAF,Police aux frontières (ex DICCILEC),Sénat
PAH,Prime à l'amélioration de l'habitat,Sénat
PAIO,"Permanences d'accueil, d'information et d'orientation",Sénat
PAJE,Prestation d'accueil du jeune enfant,Sénat
PALULOS,Prime à l'amélioration des logements à usage locatif et à occupation sociale,Sénat
PAP,"Prêt d'accession à la propriété
Programme d'action prioritaire",Sénat
PAPIR,Programme d'action prioritaire d'initiative régionale,Sénat
PAR,Plans d'aménagement ruraux,Sénat
PARE,Plan d'aide au retour à l'emploi,Sénat
PAT,Prime d'aménagement du territoire,Sénat
PCE,Prêt à la création d'entreprise,Sénat
PCH,Prestation de compensation du handicap,Sénat
PCI,Plan Cadastral Informatisé,beta.gouv.fr
PCP,Politique communautaire de la pêche,Sénat
PCRS,"Plan Corps de Rue Simplifié. Plan 2D/3D très grande échelle de la voirie et de l’espace public. Modélise trottoirs et leur hauteur, accès réseaux enterrés, pistes, mobilier urbain et bâtiments.",beta.gouv.fr
PDALPD,Plan départemental d'action pour le logement des personnes défavorisées,Sénat
PDH,Plan départemental de l'habitat,Sénat
PDU,Plan de développement urbain,Sénat
PE,Pôle emploi,beta.gouv.fr
PEA,Plans d’épargne en actions,Sénat
PEE,Plan d'épargne d'entreprise,Sénat
PEEC,Participation des employeurs à l'effort de construction,Sénat
PEGC,Professeur d'enseignement général de collège,Sénat
PEL,Plans d’épargne logement,Sénat
PEP,Plans d'épargne populaire,Sénat
PEPITE,"Pôles Etudiants Pour l'Innovation, le Transfert et l'Entrepreneuriat",beta.gouv.fr
PER,"Plans d'exposition aux risques.
Plan d’épargne retraite",Sénat
PERCO,Plan d'épargne pour la retraite collectif,Sénat
PERP,Plan d'épargne retraite populaire,Sénat
PESD,Politique européenne de sécurité et de défense,Sénat
PGO,Partenariat pour un Gouvernement Ouvert (OGP en anglais),beta.gouv.fr
PHP,Hypertext Preprocessor,beta.gouv.fr
PIA,Programme d'Investissements d'Avenir,beta.gouv.fr
PIB,Production intérieure brute ou produit intérieur brut,Sénat
PIF,"Presidential Innovation Fellows
L’équivalent des Entrepreneurs d’intérêt général aux US, en plus volontariste. Existe depuis 2012.
Voir plus sur https://presidentialinnovationfellows.gov",beta.gouv.fr
PIG,Projets d'intérêt général,Sénat
PIJ,Points d’information jeunesse,beta.gouv.fr
PIL,Programme d'insertion locale,Sénat
PIM,Programmes intégrés méditerranéens,Sénat
PISA,Programme international de suivi des acquis,Sénat
PJJ,Protection judiciaire de la jeunesse,Sénat
PLA,Prêt locatif aidé,Sénat
PLAI,Prêt locatif aidé d'intégration,Sénat
PLAJ,Projets locaux d'animation jeunesse,Sénat
PLAS,Projets locaux d'animation sportive,Sénat
PLD,Plafond légal de densité,Sénat
PLH,Programme local de l'habitat,Sénat
PLI,Prêt locatif intermédiaire,Sénat
PLR,Programmes de logements à loyer réduit,Sénat
PLS,Prêt locatif social,Sénat
PLU,Plan local d'urbanisme,Sénat
PLUS,Prêt locatif à usage social,Sénat
PM,Premier Ministre,beta.gouv.fr
PMA,Pays moins avancés,Sénat
PME,Petites et moyennes entreprises,Sénat
PMI,"Petites et moyennes industries.
Protection maternelle et infantile",Sénat
PMPOA,Programme de maîtrise des pollutions d'origine agricole,Sénat
PMS,Préparation militaire supérieure,Sénat
PMSI,Programme de médicalisation des systèmes d'information,Sénat
PMU,Pari mutuel urbain,Sénat
PNAQ,Plan national d'allocations de quotas,Sénat
PNB,Produit national brut,Sénat
PNDS,Portail National des Droits sociaux,beta.gouv.fr
PNE,Plateforme Numérique de l’état,beta.gouv.fr
PNRU,Programme national de rénovation urbaine,Sénat
PNUD,Programme des Nations unies pour le développement,Sénat
PNUE,Programme des Nations unies pour l'environnement,Sénat
PO,Product Owner,beta.gouv.fr
POA,Prime d'orientation agricole,Sénat
POLMAR,Plan ORSEC pollution marine,Sénat
POS,Plan d'occupation des sols,Sénat
POSEIDOM,Programme d'options spécifiques à l'éloignement et l'insularité des départements d'outre-mer,Sénat
PPAE,Projet personnalisé d'accès à l'emploi,Sénat
PPE,"Programmes prioritaires d'exécution
Programmes prioritaires d'équipement",Sénat
PPESV,Plan partenarial d'épargne salariale volontaire,Sénat
PPESVR,Plan partenarial d'épargne salariale volontaire pour la retraite,Sénat
PPI,Plan particulier d'intervention,Sénat
PPI,Provision des investissements,Sénat
PPNG,"Plan Préféctures Nouvelle Génération
Grand plan de modernisation amorcé en 2012, qui passe notamment par la dématérialisation des procédures et la fermeture de guichets.",beta.gouv.fr
PPP,Préfecture de Police de Paris,beta.gouv.fr
PPP,Partenariat public privé,Sénat
PPR,Plan de prévention des risques,Sénat
PPRE,Programme personnalisé de réussite éducative,Sénat
PPRN,Plan de prévention des risques naturels,Sénat
PPRT,Plan de prévention des risques technologiques,Sénat
PPS,Prêts participatifs simplifiés,Sénat
PQE,Programmes de qualité et d'efficience,Sénat
PR,"Président de la République
Pull Request",beta.gouv.fr
PRA,Plan de reprise d'activité,beta.gouv.fr
PRDE,Plan régional de développement économique,Sénat
PRDFP,Plan régional de développement des formations professionnelles,Sénat
PRE,Prêt à la reprise d'entreprise,Sénat
PREDIT,Programme de recherche et de développement pour l'innovation et la technologie dans les transports terrestres,Sénat
PRES,Pôles de recherche et d'enseignement supérieur,Sénat
PSD,Prestations spécifique dépendance,Sénat
PSEM,Placement sous surveillance électronique mobile,Sénat
PSI,Prélèvement à la source pour les indépendants,beta.gouv.fr
PSIG,Peloton de surveillance et d'intervention de la gendarmerie,Sénat
PSLA,Prêt social de location-accession,Sénat
PSR,Programmes sociaux de relogement,Sénat
PTE,"Postes, télécommunications et espace",Sénat
PTOM,Pays et territoires d'outre-mer,Sénat
PTS,Police technique et scientifique,Sénat
PTT,"Postes, télégraphe et télécommunications",Sénat
PTZ,Prêt à taux zéro,Sénat
PU-PH,Professeur des universités - praticien hospitalier,Sénat
PVD,Pays en voie de développement,Sénat
PVR,Participation pour voirie et réseaux,Sénat
QHS,Quartiers de haute sécurité,Sénat
QPV,Quartiers prioritaires pour la politique de la ville,beta.gouv.fr
RAO,Rapport d'Analyse des Offres,beta.gouv.fr
RASED,Réseaux d'aides spécialisées aux élèves en difficulté,Sénat
RATP,Régie autonome des transports parisiens,Sénat
RBE,Résultat brut d'exploitation,Sénat
RC,Release Candidate,beta.gouv.fr
RCB,Rationalisation des choix budgétaires,Sénat
RDS,Remboursement de la dette sociale,Sénat
REP+,Réseau d’éducation prioritaire renforcée,beta.gouv.fr
RER,Réseau express régional,Sénat
RES,Rachat d'une entreprise par ses salariés,Sénat
RESE,Réseau d’Echange en Santé Environnement,beta.gouv.fr
RFF,Réseau ferré de France,Sénat
RFI,Radio France internationale,Sénat
RFO,Société nationale de radiotélévision française d'outre-mer,Sénat
RFP,Régie française de publicité,Sénat
RGE,Référentiel à Grande Echelle de l'IGN,beta.gouv.fr
RGPD,Règlement Général sur la Protection des Données,beta.gouv.fr
RGPP,Révision générale des politiques publiques,beta.gouv.fr
RGS,Référentiel Général de Sécurité,beta.gouv.fr
RIC,Réferendum d'Initiative Citoyenne,beta.gouv.fr
RIE,"Réseau Internet de l'État
Fournisseur d'accès à internet réservé à l'administration, avec infrastructure matérielle en propre (ou mutualisée RENATER). Un des départements de la DINSIC.",beta.gouv.fr
RIF,Registre international français,Sénat
RIM,Réunion Interministérielle,beta.gouv.fr
RMA,Revenu minimum d'activité,Sénat
RMI,Revenu minimum d'insertion,Sénat
RMN,"Résonance magnétique nucléaire
Réunion des musées nationaux",Sénat
RNCPS,Répertoire National Commun de la Protection Sociale,beta.gouv.fr
RNCS,Registre national du Commerce et des Sociétés,beta.gouv.fr
RNIPP,Répertoire National d'Identification des Personnes Physiques,beta.gouv.fr
RNIS,Réseau numérique à intégration de services,Sénat
ROTI,Return On Time Invested,beta.gouv.fr
RP,Relation Presse,beta.gouv.fr
RPI,Regroupements pédagogiques intercommunaux,Sénat
RSA,Revenu de solidarité active,Sénat
RSI,Régime social des indépendants,Sénat
RTE,Réseau de transport d'électricité,Sénat
RTLN,Réunion des théâtres lyriques nationaux,Sénat
RTM,Restauration des terrains en montagne,Sénat
RTT,Réduction du temps de travail,Sénat
RUP,Régions ultrapériphériques d'Europe,Sénat
SA,Société anonyme,Sénat
SAAD,Service annexe d'amortissement de la dette,Sénat
SACEM,"Société des auteurs, compositeurs et éditeurs de musique",Sénat
SACI,Société anonyme de crédit immobilier,Sénat
SACICAP,Société anonyme coopérative d'intérêt collectif pour l'accession à la propriété,Sénat
SACR,Schéma d'analyse de couverture des risques,Sénat
SAE,Stage d'accès à l'entreprise,Sénat
SAFER,Sociétés d'aménagement foncier et d'établissement rural,Sénat
SAGE,Schéma d'aménagement de gestion des eaux,Sénat
SAIF,Sociétés agricoles d'investissement foncier,Sénat
SALT (accords),"Strategic arms limitation treaty.
Traité de limitation des armes stratégiques",Sénat
SAMU,Service d'aide médicale urgente,Sénat
SARL,Société à responsabilité limitée,Sénat
SATESE,Services d'assistance technique pour l'exploitation des stations d'épuration,Sénat
SCA,"Sociétés coopératives agricoles
Syndicats communautaires d'aménagement",Sénat
SCHS,Services communaux d'hygiène et de santé,Sénat
SCI,Sociétés civiles immobilières,Sénat
SCIC,Société centrale immobilière de la Caisse des dépôts,Sénat
SCN,Service à Compétence Nationale,beta.gouv.fr
SCOP,Sociétés coopératives ouvrières de production,Sénat
SCOT,Schéma de cohérence territoriale,Sénat
SCPI,Société civile de placement immobilier,Sénat
SCPRI,Service central de protection contre les rayonnements ionisants,Sénat
SCT,Schéma de cohérence territoriale,Sénat
SDAGE,Schéma directeur d'aménagement et de gestion des eaux,Sénat
SDAU,Schéma directeur d'aménagement et d'urbanisme,Sénat
SDDS,Schéma directeur départemental des structures,Sénat
SDECE,Service de documentation extérieure et de contre-espionnage,Sénat
SDF,Sans domicile fixe,Sénat
SDIS,Service départemental d'incendie et de secours,Sénat
SDR,Société de développement régional,Sénat
SDRIF,Schéma directeur de la région Ile-de-France,Sénat
SEATER,Service d'étude et d'aménagement touristique de l'espace rural,Sénat
SEATM,Service d'étude et d'aménagement touristique de la montagne,Sénat
SEBC,Système européen de banque centrale,Sénat
SECAE,Société d'exploitation des cinémas d'art et d'essai,Sénat
SEFA,Société d'épargne foncière agricole,Sénat
SEFRANE,Service pour l'emploi des Français à l'étranger,Sénat
SEITA,Société d'exploitation industrielle des tabacs et allumettes,Sénat
SEJE,Soutien à l'emploi des jeunes en entreprise,Sénat
SEM,Société d'économie mixte,Sénat
SEMCA,Société d'économie mixte concessionnaire d'autoroutes,Sénat
SEPT,Société européenne de programmes de télévision,Sénat
SESAME,Service de soutien et d'accompagnement sur les marchés extérieurs,Sénat
SFP,Société française de production et création audiovisuelle,Sénat
SFR,Société de financement régional,Sénat
SG,"Secrétaire Général·e
Correspondant administratif d'un·e secrétaire d'État (équivalent ministre).",beta.gouv.fr
SGDN,Secrétariat général de la défense nationale,Sénat
SGG,Secrétaire General de Gouvernement,beta.gouv.fr
SGMAP,"Secrétariat Général pour la Modernisation de l’Action Publique
Ex-administration où est né l'Incubateur des Services Numériques",beta.gouv.fr
SGMCAS,Secrétariat général des ministères chargés des affaires sociales,beta.gouv.fr
SIADE,Système Interne d'Api De l'Etat,beta.gouv.fr
SICA,Société d'intérêt collectif agricole,Sénat
SICAV,Société d'investissement à capital variable,Sénat
SICOMI,Société immobilière pour le commerce et l'industrie,Sénat
SICTIAM,Service Informatique des Collectivités Territoriales,beta.gouv.fr
SIDA,Syndrome immunodéficitaire acquis,Sénat
SIDER,Société d'investissement pour le développement rural,Sénat
SIDO,Société interprofessionnelle des oléagineux,Sénat
SIDSIC,Service interministériel départemental et systèmes d’information et de communication,beta.gouv.fr
SIE,Service des impôts des entreprises,beta.gouv.fr
SIECLE,"Système d'Information pour les Élèves des Collèges, des Lycées et pour les Établissements",beta.gouv.fr
SIFE,Stage d'insertion et de formation à l'emploi,Sénat
SIIC,Société d'investissement immobilier coté,Sénat
SIM,Société immobilière de Mayotte,Sénat
SIMMAD,Structure intégrée de maintien en conditions opérationnelles des matériels aéronautiques de la défense,Sénat
SIRH,Système d'Information des Ressources Humaines,beta.gouv.fr
SIRHEN,SI RH de l'Education Nationale,beta.gouv.fr
SIRPA,Service d'information et de relations publiques des armées,Sénat
SIVOM,Syndicat intercommunal à vocations multiples,Sénat
SIVP,Stage d'initiation à la vie professionnelle,Sénat
SJW,Social Justice Warrior,beta.gouv.fr
SLA,Service-level agreement,beta.gouv.fr
slb,Service load balancer,beta.gouv.fr
SLS,Supplément de loyer de solidarité,Sénat
SMA,Service militaire adapté,Sénat
SMDSM,Système mondial de détresse et de sauvetage en mer,Sénat
SME,Système monétaire européen,Sénat
SMI,"Surface minimum d'installation (agriculture)
Système monétaire international.",Sénat
SMIC,Salaire minimum interprofessionnel de croissance,Sénat
SMUR,Service médical d'urgence et de réanimation,Sénat
SMVM,Schéma de mise en valeur de la mer,Sénat
SNA,Service national de l’adresse,beta.gouv.fr
SNCF,Société nationale des chemins de fer français,Sénat
SNCM,Société nationale maritime Corse-Méditerranée,Sénat
SNECMA,Société nationale d'études et de constructions de moteurs d'aviation,Sénat
SNEP,Société nationale des entreprises de presse,Sénat
SNI,Syndicat national des instituteurs,Sénat
SNIAS,Société nationale industrielle aérospatiale,Sénat
SNLE,Sous-marin nucléaire lanceur d'engins,Sénat
SNPA,Société nationale des pétroles d'Aquitaine,Sénat
SNSM,Société nationale de sauvetage en mer,Sénat
SOFARIS,Société française pour l'assurance du capital risque des PME,Sénat
SOFERGIE,Sociétés agréées pour le financement des économies d'énergie,Sénat
SOFIA,Société française des intérêts des auteurs de l'écrit,Sénat
SOFICA,Sociétés pour le financement de l'industrie cinématographique et audiovisuelle,Sénat
SOFINOVA,Société financière d'innovation,Sénat
SOFIRAD,Société financière de radiodiffusion,Sénat
SOFIREM,Société financière pour l'industrialisation des régions minières,Sénat
SOFRATEV,Société française d'études et de réalisations d'équipements de radiodiffusion et de télévision,Sénat
SOMIVAC,Société pour la mise en valeur agricole de la Corse,Sénat
SONACOTRA,Société nationale de construction de logements pour les travailleurs,Sénat
SOPEXA,Société pour l'expansion des ventes de produits agricoles et alimentaires,Sénat
SOREFI,Sociétés régionales de financement,Sénat
SOTM,"State Of The Map
Conférence annuelle des contributeurs OpenStreetMap",beta.gouv.fr
SOVAFIM,Société de valorisation foncière et immobilière,Sénat
SPA,Société protectrice des animaux,Sénat
SPANC,Services publics d'assainissement non collectif,Sénat
spd,Service Public de la Donnée,beta.gouv.fr
SPEL,Service Public de l'Emploi Local,beta.gouv.fr
SPIP,Service pénitentiaire d’insertion et de probation,beta.gouv.fr
SPLA,Société publique locale d'aménagement,Sénat
SPM,Services du Premier Ministre,beta.gouv.fr
SPO,Service public de l’orientation,beta.gouv.fr
SPPICAV,Société de placement à prépondérance immobilière à capital variable,Sénat
SPRO,Service public régional de l’orientation,beta.gouv.fr
SRU,Solidarité et renouvellement urbain,Sénat
SS,Sécurité sociale,Sénat
SSAE,Service social d'aide aux émigrants,Sénat
SSIAD,Services de soins infirmiers à domicile,Sénat
STAR,Système téléphonique d'alerte aux risques,Sénat
STIF,Syndicat des transports d'Ile-de-France,Sénat
STIIC,Service Technique d’Inspection des Installations Classées,beta.gouv.fr
STIIIC,Service Technique Interdépartemental d’Inspection des Installations Classées,beta.gouv.fr
STO,Service du travail obligatoire,Sénat
SUIO,Service universitaire d'information et d’orientation ; Service universitaire d'insertion et d'orientation,beta.gouv.fr
SVE,Saisine par voie électronique,beta.gouv.fr
T2A,Tarification à l'activité,Sénat
TAAF,Terres australes et antarctiques françaises,Sénat
TAC,Taxe de l'aviation civile,Sénat
TACA,Taxe d'aide au commerce et à l'artisanat,Sénat
TaRTAM,Tarif réglementé transitoire d'ajustement du marché,Sénat
TAT,Taxe d'aménagement du territoire,Sénat
TCA,Taxe sur les conventions d'assurance,Sénat
TDENS,Taxe départementale des espaces naturels sensibles,Sénat
TDF,Télédiffusion de France,Sénat
TEE,Titre emploi-service,Sénat
TEF,Techniciens d'études et de fabrication,Sénat
TEOM,Taxe d'enlèvement des ordures ménagères,Sénat
TEP,Transatlantic economic partnership,Sénat
TESE,Titre emploi-service entreprise,Sénat
TF1,Télévision française 1,Sénat
TFB,Taxe sur le foncier bâti,Sénat
TFPB,Taxe foncière sur les propriétés bâties,Sénat
TGAP,Taxe générale sur les activités polluantes,Sénat
TGI,Tribunaux de grande instance,Sénat
TGV,Train à grande vitesse,Sénat
THD,Très Haut Débit,beta.gouv.fr
TICGN,Taxe intérieure sur les consommations de gaz naturel,Sénat
TIG,Travaux d'intérêt général,Sénat
TIPP,Taxe intérieure sur les produits pétroliers,Sénat
TITMC,Tribunaux d'Instance et Tribunaux Mixtes de Commerce,beta.gouv.fr
TLE,Taxe locale d'équipement,Sénat
TNT,Télévision numérique terrestre,Sénat
TOM,Territoires d'outre-mer,Sénat
TOS,"Personnels techniciens, ouvriers et de services",Sénat
TPFA,Tribunaux permanents des forces armées,Sénat
TPG,Trésoriers-payeurs généraux,Sénat
TPS,Taxe sur les prestations de services,Sénat
TPS,Télévision par satellite,Sénat
TPU,Taxe professionnelle unique,Sénat
TPZ,Taxe professionnelle de zone,Sénat
TRACE,Programme du trajet d’accès à l’emploi,Sénat
TRACFIN,Traitement du renseignement et de l'action contre les circuits financiers clandestins,Sénat
TSCA,Taxe spéciale sur les conventions d'assurance,Sénat
TUC,Travaux d'utilité collective,Sénat
TVA,Taxe sur la valeur ajoutée,Sénat
TVHD,Télévision haute définition,Sénat
UCANSS,Union des caisses nationales de sécurité sociale,Sénat
UDAF,Union départementale des associations familiales,beta.gouv.fr
UEO,Union de l'Europe occidentale,Sénat
UER,Unité d'enseignement et de recherche,Sénat
UES,Union d'économie sociale,Sénat
UESL,Union d'économie sociale pour le logement,Sénat
UFAC,Union française des associations d'anciens combattants et de victimes de guerre,Sénat
UFR,Unité de formation et de recherche,Sénat
UGAP,Union des Groupements d'Achats Public,beta.gouv.fr
UGAP,Union des groupements d'achats publics,Sénat
UGB,Unité de gros bétail,Sénat
UGC,Union générale cinématographique,Sénat
ULAM,Unités littorales des affaires maritimes,Sénat
ULM,Ultralégers motorisés,Sénat
UMTS,"Universal mobile telecommunications system (réseau de télécommunication sans fil à haut débit, incluant l'accès à internet).",Sénat
UNAF,Union nationale des associations familiales,Sénat
UNAPEI,Union nationale des associations de parents et amis de personnes handicapées mentales,Sénat
UNCAM,Union nationale des caisses d'assurance-maladie,Sénat
UNEDIC,Union nationale pour l'emploi dans l'industrie et le commerce,Sénat
UNESCO,"United nations educational, scientific and cultural organisation
Organisation des Nations unies pour l'éducation, la science et la culture",Sénat
UNIL,Union nationale interprofessionnelle du logement,Sénat
UNOCAM,Union nationale des organismes d'assurance maladie complémentaire,Sénat
UNSS,Union nationale du sport scolaire,Sénat
UPOV,Union internationale pour la protection des obtentions végétales,Sénat
URSSAF,Union de recouvrement des cotisations de sécurité sociale et d'allocations familiales,Sénat
USH,Union sociale pour l'habitat,Sénat
UTA,Union des transports aériens,Sénat
UTN,Unité touristique nouvelle,Sénat
VAE,Validation des acquis de l'expérience,Sénat
VEFA,Vente en état futur d'achèvement,Sénat
VPS,Serveur Privé Virtuel,beta.gouv.fr
VRP,"Voyageurs, représentants, placiers",Sénat
VRTS,Versement représentatif de la taxe sur les salaires,Sénat
VSNA,Volontaires du service national actif,Sénat
ZAC,Zone d'aménagement concerté,Sénat
ZAD,Zone d'aménagement différé,Sénat
ZAN,Zone d'agglomération nouvelle,Sénat
ZDR,Zone de développement rural,Sénat
ZEE,Zone économique exclusive,Sénat
ZEP,"Zone d'éducation prioritaire
Zone d'environnement protégé",Sénat
ZES,Zone en excédent structurel,Sénat
ZFU,Zone franche urbaine,Sénat
ZIF,Zone d'intervention foncière,Sénat
ZPE,Zone de protection écologique,Sénat
ZPPAUP,"Zone de protection du patrimoine architectural, urbain et paysage",Sénat
ZRD,Zone de restructuration de la défense,Sénat
ZRR,Zones de revitalisation rurale,Sénat
ZRU,Zone de redynamisation urbaine,Sénat
ZSP,Zone de solidarité urbaine,Sénat
ZUP,Zone à urbaniser en priorité,Sénat
ZUPC,Zones Uniques de Prises en Charges,beta.gouv.fr
ZUS,Zone urbaine sensible,Sénat
